{"cameraMode":{"drawMode":0,"name":"Shaded","section":"Shading Mode"},"sceneLighting":true,"audioPlay":false,"sceneViewState":{"m_AlwaysRefresh":false,"showFog":true,"showSkybox":true,"showFlares":true,"showImageEffects":true,"showParticleSystems":true,"showVisualEffectGraphs":true,"m_FxEnabled":true},"in2DMode":false,"pivot":{"x":-7.883864402770996,"y":-0.09099973738193512,"z":28.983898162841798},"rotation":{"x":-0.04679441452026367,"y":0.2467259019613266,"z":-0.011928352527320385,"w":-0.9678820371627808},"size":22.55665397644043,"orthographic":false}